RGB0000X.jpg,171,339,210,380,0
RGB0000X.jpg,234,340,270,379,0
RGB0000X.jpg,304,340,341,376,0
RGB0001X.jpg,152,336,201,369,0
RGB0001X.jpg,222,339,272,371,0
RGB0001X.jpg,295,339,339,370,0
RGB0002X.jpg,154,336,209,393,0
RGB0002X.jpg,219,340,271,392,0
RGB0002X.jpg,285,335,337,389,0
RGB0003X.jpg,152,328,213,383,0
RGB0003X.jpg,211,327,278,379,0
RGB0003X.jpg,281,327,340,377,0
RGB0004X.jpg,150,337,214,381,0
RGB0004X.jpg,212,337,279,379,0
RGB0004X.jpg,284,338,343,378,0
RGB0006X.jpg,154,315,189,371,0
RGB0006X.jpg,217,320,284,379,0
RGB0006X.jpg,288,316,348,367,0
RGB0007X.jpg,158,309,201,354,0
RGB0007X.jpg,228,315,264,352,0
RGB0007X.jpg,295,312,333,347,0
RGB0008X.jpg,163,337,213,370,0
RGB0008X.jpg,228,340,277,369,0
RGB0008X.jpg,298,338,344,369,0
RGB0009X.jpg,151,394,200,432,0
RGB0009X.jpg,219,405,278,440,0
RGB0009X.jpg,293,392,346,432,0
RGB0010X.jpg,146,388,196,429,0
RGB0010X.jpg,221,405,280,440,0
RGB0010X.jpg,299,392,350,431,0
RGB0011X.jpg,213,328,231,384,0
RGB0011X.jpg,242,326,253,381,0
RGB0011X.jpg,272,327,287,380,0
RGB0014X.jpg,144,341,200,386,0
RGB0014X.jpg,222,337,278,397,0
RGB0014X.jpg,287,339,346,404,0
RGB0015X.jpg,146,306,217,358,0
RGB0015X.jpg,222,317,290,379,0
RGB0015X.jpg,290,306,361,349,0
RGB0016X.jpg,149,307,213,352,0
RGB0016X.jpg,211,312,284,366,0
RGB0016X.jpg,283,312,357,357,0
RGB0017X.jpg,144,338,211,389,0
RGB0017X.jpg,211,343,278,389,0
RGB0017X.jpg,278,338,349,385,0
RGB0018X.jpg,148,341,205,396,0
RGB0018X.jpg,217,339,275,398,0
RGB0018X.jpg,294,338,354,405,0
RGB0019X.jpg,159,338,211,373,0
RGB0019X.jpg,224,333,280,369,0
RGB0019X.jpg,285,339,333,374,0
RGB0021X.jpg,168,310,211,357,0
RGB0021X.jpg,229,316,270,364,0
RGB0021X.jpg,285,312,331,358,0
RGB0023X.jpg,214,327,225,384,0
RGB0023X.jpg,234,322,256,382,0
RGB0023X.jpg,272,322,289,385,0
RGB0024X.jpg,202,317,228,373,0
RGB0024X.jpg,227,312,260,371,0
RGB0024X.jpg,278,341,330,376,0
RGB0025X.jpg,216,318,239,374,0
RGB0025X.jpg,245,314,269,373,0
RGB0025X.jpg,272,315,282,375,0
RGB0026X.jpg,164,339,217,394,0
RGB0026X.jpg,289,341,344,398,0
RGB0027X.jpg,154,337,217,379,0
RGB0027X.jpg,278,338,348,382,0
RGB0028X.jpg,274,341,357,424,0
RGB0028X.jpg,149,339,217,407,0
RGB0029X.jpg,149,336,222,394,0
RGB0029X.jpg,269,335,357,400,0
RGB0030X.jpg,146,337,225,394,0
RGB0030X.jpg,276,333,366,401,0
RGB0031X.jpg,146,339,218,412,0
RGB0031X.jpg,282,337,361,421,0
RGB0032X.jpg,148,303,224,379,0
RGB0032X.jpg,272,298,359,375,0
RGB0033X.jpg,152,300,230,356,0
RGB0033X.jpg,278,291,353,365,0
RGB0034X.jpg,159,316,220,357,0
RGB0034X.jpg,277,309,345,354,0
RGB0035X.jpg,173,301,224,354,0
RGB0035X.jpg,291,299,344,365,0
RGB0036X.jpg,215,323,236,394,0
RGB0036X.jpg,245,317,293,402,0
RGB0037X.jpg,170,308,228,381,0
RGB0037X.jpg,271,299,288,382,0
RGB0038X.jpg,211,306,229,379,0
RGB0038X.jpg,274,300,287,384,0
RGB0040X.jpg,169,341,209,383,0
RGB0040X.jpg,231,339,277,392,0
RGB0040X.jpg,302,338,348,385,0
RGB0043X.jpg,165,342,200,365,3
RGB0043X.jpg,232,341,265,356,3
RGB0043X.jpg,293,342,327,362,3
RGB0044X.jpg,172,339,208,375,0
RGB0045X.jpg,268,329,281,352,4
RGB0045X.jpg,281,342,306,350,4
RGB0045X.jpg,309,337,337,352,4
RGB0047X.jpg,189,339,213,364,8
RGB0047X.jpg,238,339,265,365,8
RGB0047X.jpg,302,340,327,363,8
RGB0049X.jpg,158,338,218,371,0
RGB0049X.jpg,227,338,285,373,0
RGB0049X.jpg,298,334,352,374,0
RGB0051X.jpg,163,329,200,350,3
RGB0051X.jpg,234,331,267,345,3
RGB0051X.jpg,293,332,324,348,3
RGB0052X.jpg,183,329,206,350,8
RGB0052X.jpg,234,327,259,348,8
RGB0052X.jpg,301,329,323,354,8
RGB0053X.jpg,177,336,209,369,2
RGB0053X.jpg,237,335,268,364,2
RGB0053X.jpg,297,336,328,360,2
RGB0055X.jpg,186,344,207,366,3
RGB0055X.jpg,226,339,249,351,3
RGB0055X.jpg,293,341,315,354,3
RGB0056X.jpg,234,338,264,349,4
RGB0056X.jpg,230,412,267,430,4
RGB0056X.jpg,234,378,266,389,4
RGB0057X.jpg,291,339,330,371,5
RGB0057X.jpg,177,338,215,370,5
RGB0058X.jpg,188,331,218,360,8
RGB0058X.jpg,226,330,257,357,8
RGB0058X.jpg,289,334,315,358,8
RGB0059X.jpg,169,331,202,359,2
RGB0059X.jpg,232,330,258,354,2
RGB0059X.jpg,296,335,327,356,2
RGB0060X.jpg,204,348,226,379,3
RGB0060X.jpg,226,415,266,440,3
RGB0060X.jpg,302,398,326,436,3
RGB0061X.jpg,181,343,205,360,3
RGB0061X.jpg,236,336,261,348,3
RGB0061X.jpg,285,341,309,354,3
RGB0062X.jpg,162,336,211,394,0
RGB0063X.jpg,165,359,191,369,4
RGB0063X.jpg,189,396,223,409,4
RGB0063X.jpg,191,339,219,350,4
RGB0064X.jpg,149,338,209,403,0
RGB0064X.jpg,219,329,281,396,0
RGB0064X.jpg,288,339,352,404,0
RGB0066X.jpg,180,331,201,355,8
RGB0066X.jpg,232,353,266,386,8
RGB0066X.jpg,304,362,335,388,8
RGB0067X.jpg,178,315,198,356,1
RGB0067X.jpg,237,322,256,353,1
RGB0067X.jpg,298,316,317,354,1
RGB0068X.jpg,165,327,197,362,2
RGB0068X.jpg,232,335,264,367,2
RGB0068X.jpg,314,328,338,357,2
RGB0071X.jpg,179,339,216,372,5
RGB0071X.jpg,295,339,330,368,5
RGB0072X.jpg,284,343,312,375,3
RGB0072X.jpg,225,415,269,434,3
RGB0072X.jpg,146,403,188,429,3
RGB0073X.jpg,166,341,213,390,0
RGB0074X.jpg,148,336,213,387,0
RGB0074X.jpg,214,334,287,387,0
RGB0074X.jpg,291,330,365,388,0
RGB0075X.jpg,182,384,214,413,8
RGB0075X.jpg,259,392,294,425,8
RGB0075X.jpg,318,372,348,398,8
RGB0076X.jpg,182,337,199,380,1
RGB0076X.jpg,236,335,254,374,1
RGB0076X.jpg,302,337,317,379,1
RGB0077X.jpg,319,336,339,353,7
RGB0077X.jpg,184,341,201,349,7
RGB0079X.jpg,158,318,219,362,0
RGB0081X.jpg,211,407,252,438,8
RGB0081X.jpg,295,353,322,381,8
RGB0081X.jpg,153,346,180,369,8
RGB0082X.jpg,150,338,162,362,4
RGB0082X.jpg,175,359,208,371,4
RGB0082X.jpg,209,407,227,438,4
RGB0083X.jpg,175,338,211,370,5
RGB0083X.jpg,291,339,325,371,5
RGB0084X.jpg,145,337,216,391,0
RGB0084X.jpg,219,333,293,389,0
RGB0084X.jpg,294,331,369,389,0
RGB0085X.jpg,182,315,200,352,1
RGB0085X.jpg,241,320,258,354,1
RGB0085X.jpg,299,314,317,351,1
RGB0088X.jpg,146,328,178,358,2
RGB0088X.jpg,237,370,268,400,2
RGB0088X.jpg,285,344,311,369,2
RGB0089X.jpg,181,338,210,350,5
RGB0089X.jpg,295,339,323,351,5
RGB0090X.jpg,224,414,250,440,3
RGB0090X.jpg,297,410,326,430,3
RGB0090X.jpg,145,400,173,423,3
RGB0092X.jpg,173,338,210,372,5
RGB0092X.jpg,291,339,327,369,5
RGB0093X.jpg,236,369,266,388,4
RGB0093X.jpg,273,346,288,374,4
RGB0094X.jpg,176,340,196,378,1
RGB0094X.jpg,243,335,261,377,1
RGB0094X.jpg,299,340,318,378,1
RGB0095X.jpg,153,336,217,403,0
RGB0095X.jpg,221,340,285,397,0
RGB0095X.jpg,297,336,361,401,0
RGB0096X.jpg,146,339,176,371,2
RGB0096X.jpg,234,333,253,366,2
RGB0096X.jpg,306,350,335,377,2
RGB0097X.jpg,217,338,229,374,3
RGB0097X.jpg,240,364,261,397,3
RGB0097X.jpg,274,343,282,371,3
RGB0098X.jpg,155,337,174,352,7
RGB0098X.jpg,331,340,349,365,7
RGB0098X.jpg,240,344,279,388,7
RGB0099X.jpg,179,341,198,366,5
RGB0099X.jpg,302,341,320,367,5
RGB0100X.jpg,158,317,216,354,0
RGB0101X.jpg,186,341,208,362,3
RGB0101X.jpg,243,329,257,346,3
RGB0101X.jpg,281,343,299,364,3
RGB0102X.jpg,198,344,224,372,8
RGB0102X.jpg,247,370,281,399,8
RGB0102X.jpg,300,347,328,367,8
RGB0103X.jpg,181,341,219,369,5
RGB0103X.jpg,295,338,328,370,5
RGB0104X.jpg,213,339,239,351,4
RGB0104X.jpg,247,328,258,347,4
RGB0104X.jpg,270,328,285,354,4
RGB0105X.jpg,165,335,210,353,1
RGB0105X.jpg,230,336,274,352,1
RGB0105X.jpg,285,338,329,353,1
RGB0106X.jpg,216,325,226,370,0
RGB0108X.jpg,136,396,174,426,2
RGB0108X.jpg,225,414,264,436,2
RGB0108X.jpg,314,402,346,428,2
RGB0109X.jpg,173,330,209,347,3
RGB0109X.jpg,230,339,268,357,3
RGB0109X.jpg,288,342,320,362,3
RGB0110X.jpg,162,344,191,370,8
RGB0110X.jpg,232,339,259,361,8
RGB0110X.jpg,290,400,321,427,8
RGB0111X.jpg,260,358,282,382,3
RGB0111X.jpg,319,336,342,350,3
RGB0111X.jpg,147,333,165,356,3
RGB0112X.jpg,180,341,213,371,5
RGB0112X.jpg,296,340,336,370,5
RGB0114X.jpg,163,336,204,354,1
RGB0114X.jpg,224,335,268,351,1
RGB0114X.jpg,288,337,332,352,1
RGB0115X.jpg,141,327,167,347,4
RGB0115X.jpg,272,344,282,370,4
RGB0115X.jpg,326,335,345,360,4
RGB0116X.jpg,147,312,217,360,0
RGB0116X.jpg,214,319,292,379,0
RGB0116X.jpg,304,309,361,373,0
RGB0117X.jpg,181,341,200,367,5
RGB0117X.jpg,305,339,318,368,5
RGB0118X.jpg,173,341,209,358,3
RGB0118X.jpg,229,333,268,352,3
RGB0118X.jpg,300,342,322,369,3
RGB0120X.jpg,297,333,322,365,2
RGB0120X.jpg,229,335,269,373,2
RGB0120X.jpg,168,334,193,366,2
RGB0121X.jpg,190,332,208,362,8
RGB0121X.jpg,241,331,252,362,8
RGB0121X.jpg,296,329,311,365,8
RGB0122X.jpg,196,341,220,354,3
RGB0122X.jpg,241,339,262,363,3
RGB0122X.jpg,280,341,306,354,3
RGB0123X.jpg,178,322,215,347,5
RGB0123X.jpg,293,320,326,349,5
RGB0124X.jpg,184,397,228,440,2
RGB0125X.jpg,180,341,211,354,5
RGB0125X.jpg,296,339,329,352,5
RGB0126X.jpg,165,337,201,370,1
RGB0126X.jpg,228,335,264,369,1
RGB0126X.jpg,294,336,323,375,1
RGB0127X.jpg,296,341,321,370,3
RGB0127X.jpg,236,341,259,371,3
RGB0127X.jpg,179,342,202,372,3
RGB0128X.jpg,151,336,166,360,4
RGB0128X.jpg,194,419,228,431,4
RGB0128X.jpg,270,365,286,378,4
RGB0129X.jpg,150,318,215,373,0
RGB0129X.jpg,221,309,293,369,0
RGB0129X.jpg,292,303,354,361,0
RGB0130X.jpg,167,330,193,349,8
RGB0130X.jpg,227,329,256,350,8
RGB0130X.jpg,295,330,323,352,8
RGB0131X.jpg,147,392,197,434,0
RGB0133X.jpg,152,330,181,358,2
RGB0133X.jpg,230,329,270,362,2
RGB0133X.jpg,285,335,311,365,2
RGB0135X.jpg,152,337,180,361,7
RGB0135X.jpg,331,336,344,357,7
RGB0136X.jpg,184,337,208,379,1
RGB0136X.jpg,241,335,269,373,1
RGB0136X.jpg,300,338,333,373,1
RGB0137X.jpg,182,320,203,347,3
RGB0137X.jpg,234,322,257,348,3
RGB0137X.jpg,296,324,318,354,3
RGB0138X.jpg,169,333,193,367,2
RGB0138X.jpg,223,335,261,372,2
RGB0138X.jpg,290,336,318,360,2
RGB0139X.jpg,151,393,186,421,8
RGB0139X.jpg,227,417,261,440,8
RGB0139X.jpg,301,401,329,435,8
RGB0141X.jpg,170,320,208,352,5
RGB0141X.jpg,296,320,329,350,5
RGB0143X.jpg,329,338,344,356,7
RGB0143X.jpg,149,333,181,357,7
RGB0144X.jpg,165,337,199,372,1
RGB0144X.jpg,228,334,260,373,1
RGB0144X.jpg,296,337,321,375,1
RGB0145X.jpg,289,335,316,362,2
RGB0145X.jpg,211,328,248,358,2
RGB0145X.jpg,156,334,183,365,2
RGB0146X.jpg,299,335,318,355,4
RGB0146X.jpg,241,328,266,356,4
RGB0146X.jpg,176,339,196,369,4
RGB0147X.jpg,187,341,220,371,8
RGB0147X.jpg,231,383,264,407,8
RGB0147X.jpg,291,352,316,372,8
RGB0150X.jpg,158,407,184,427,3
RGB0150X.jpg,219,411,251,434,3
RGB0150X.jpg,299,410,329,428,3
RGB0153X.jpg,160,392,192,417,8
RGB0153X.jpg,230,411,266,437,8
RGB0153X.jpg,306,356,331,375,8
RGB0155X.jpg,154,335,186,352,4
RGB0155X.jpg,226,337,258,356,4
RGB0155X.jpg,306,337,332,360,4
RGB0156X.jpg,171,331,205,360,8
RGB0156X.jpg,238,329,264,353,8
RGB0156X.jpg,302,329,326,348,8
RGB0157X.jpg,228,414,275,438,3
RGB0157X.jpg,292,406,329,435,3
RGB0157X.jpg,165,400,198,436,3
RGB0158X.jpg,188,337,211,348,3
RGB0158X.jpg,241,334,266,346,3
RGB0158X.jpg,291,338,314,350,3
RGB0159X.jpg,134,389,181,427,0
RGB0159X.jpg,216,401,284,440,0
RGB0159X.jpg,301,384,363,434,0
RGB0160X.jpg,157,334,184,364,2
RGB0160X.jpg,225,380,272,413,2
RGB0160X.jpg,310,340,336,367,2
RGB0161X.jpg,173,338,202,352,4
RGB0161X.jpg,240,338,271,349,4
RGB0161X.jpg,297,340,321,349,4
RGB0162X.jpg,287,339,311,377,1
RGB0162X.jpg,230,337,259,373,1
RGB0162X.jpg,143,336,174,369,1
RGB0163X.jpg,135,323,165,348,4
RGB0163X.jpg,214,339,242,357,4
RGB0163X.jpg,272,333,289,356,4
RGB0165X.jpg,250,377,283,405,8
RGB0165X.jpg,302,341,329,362,8
RGB0165X.jpg,154,324,179,350,8
RGB0167X.jpg,171,341,205,370,5
RGB0167X.jpg,291,345,329,371,5
RGB0168X.jpg,202,341,226,379,1
RGB0168X.jpg,240,336,269,376,1
RGB0168X.jpg,295,339,318,378,1
RGB0169X.jpg,133,400,169,422,2
RGB0169X.jpg,239,408,276,443,2
RGB0169X.jpg,319,394,355,426,2
RGB0170X.jpg,305,383,351,445,0
RGB0170X.jpg,221,396,269,453,0
RGB0170X.jpg,138,382,182,434,0
RGB0171X.jpg,173,321,189,354,4
RGB0171X.jpg,242,327,257,353,4
RGB0171X.jpg,293,330,313,353,4
RGB0172X.jpg,245,329,261,351,3
RGB0172X.jpg,300,328,313,349,3
RGB0172X.jpg,186,328,204,350,3
RGB0173X.jpg,142,334,179,364,7
RGB0173X.jpg,329,336,352,356,7
RGB0175X.jpg,237,340,262,373,3
RGB0175X.jpg,271,341,282,373,3
RGB0175X.jpg,219,341,227,375,3
RGB0176X.jpg,169,323,185,349,4
RGB0176X.jpg,248,326,264,349,4
RGB0176X.jpg,306,328,318,349,4
RGB0177X.jpg,230,407,261,438,8
RGB0177X.jpg,179,351,207,379,8
RGB0177X.jpg,272,333,289,362,8
RGB0178X.jpg,290,331,312,354,4
RGB0178X.jpg,243,329,258,354,4
RGB0178X.jpg,174,325,196,352,4
RGB0179X.jpg,152,335,184,362,7
RGB0179X.jpg,318,348,346,365,7
RGB0180X.jpg,181,337,212,370,5
RGB0180X.jpg,295,337,331,369,5
RGB0181X.jpg,215,341,236,356,3
RGB0181X.jpg,156,337,178,349,3
RGB0181X.jpg,352,393,373,406,3
RGB0182X.jpg,181,324,204,350,4
RGB0182X.jpg,242,327,263,348,4
RGB0182X.jpg,297,333,314,357,4
RGB0183X.jpg,172,323,194,381,0
RGB0183X.jpg,234,322,274,384,0
RGB0183X.jpg,302,322,336,387,0
RGB0184X.jpg,235,366,268,381,4
RGB0184X.jpg,295,360,325,369,4
RGB0184X.jpg,124,384,140,395,4
RGB0185X.jpg,176,342,201,364,2
RGB0185X.jpg,239,338,259,368,2
RGB0185X.jpg,300,340,317,365,2
RGB0186X.jpg,177,342,200,372,3
RGB0186X.jpg,228,328,266,348,3
RGB0186X.jpg,296,341,325,369,3
RGB0187X.jpg,171,338,208,367,5
RGB0187X.jpg,296,338,330,368,5
RGB0188X.jpg,252,341,266,356,7
RGB0188X.jpg,316,338,334,357,7
RGB0188X.jpg,137,335,179,360,7
RGB0189X.jpg,167,333,192,352,2
RGB0189X.jpg,240,328,256,356,2
RGB0189X.jpg,299,340,312,366,2
RGB0190X.jpg,152,336,168,359,3
RGB0190X.jpg,216,334,234,352,3
RGB0190X.jpg,274,344,298,357,3
RGB0191X.jpg,183,324,203,350,4
RGB0191X.jpg,209,331,239,353,4
RGB0191X.jpg,298,330,314,354,4
RGB0193X.jpg,216,342,228,369,4
RGB0193X.jpg,241,328,256,354,4
RGB0193X.jpg,263,412,287,439,4
RGB0194X.jpg,290,329,329,351,5
RGB0194X.jpg,174,330,209,350,5
RGB0196X.jpg,146,331,178,352,7
RGB0196X.jpg,224,339,238,356,7
RGB0196X.jpg,325,335,345,360,7
RGB0197X.jpg,149,337,175,367,3
RGB0197X.jpg,224,355,264,389,3
RGB0197X.jpg,302,345,329,373,3
RGB0198X.jpg,215,342,236,354,7
RGB0198X.jpg,147,329,178,354,7
RGB0198X.jpg,324,335,346,361,7
RGB0199X.jpg,177,331,192,357,2
RGB0199X.jpg,240,328,253,352,2
RGB0199X.jpg,301,329,313,355,2
RGB0200X.jpg,170,336,194,366,4
RGB0200X.jpg,234,327,257,349,4
RGB0200X.jpg,297,336,322,354,4
RGB0201X.jpg,162,349,213,375,8
RGB0201X.jpg,202,396,261,442,8
RGB0201X.jpg,292,357,324,382,8
RGB0202X.jpg,148,354,178,366,4
RGB0202X.jpg,226,408,259,435,4
RGB0202X.jpg,335,337,348,360,4
RGB0203X.jpg,178,324,213,351,5
RGB0203X.jpg,295,320,321,352,5
RGB0205X.jpg,161,333,182,354,2
RGB0205X.jpg,237,340,266,354,2
RGB0205X.jpg,327,338,342,361,2
RGB0206X.jpg,177,322,198,348,3
RGB0206X.jpg,236,341,272,356,3
RGB0206X.jpg,277,344,299,373,3
RGB0207X.jpg,176,335,207,351,4
RGB0207X.jpg,241,337,264,365,4
RGB0207X.jpg,300,334,318,361,4
RGB0208X.jpg,293,336,319,377,1
RGB0208X.jpg,240,351,258,395,1
RGB0208X.jpg,154,335,194,352,1
RGB0209X.jpg,216,328,226,386,0
RGB0209X.jpg,237,322,264,390,0
RGB0209X.jpg,282,322,310,390,0
RGB0210X.jpg,165,347,211,389,8
RGB0210X.jpg,222,342,274,379,8
RGB0210X.jpg,314,350,340,375,8
RGB0211X.jpg,175,322,212,352,5
RGB0211X.jpg,294,323,325,351,5
RGB0212X.jpg,140,336,173,367,7
RGB0212X.jpg,329,340,344,362,7
RGB0214X.jpg,173,337,191,368,4
RGB0214X.jpg,243,338,263,366,4
RGB0214X.jpg,303,336,321,362,4
RGB0215X.jpg,171,332,204,346,3
RGB0215X.jpg,231,331,268,349,3
RGB0215X.jpg,292,318,312,348,3
RGB0217X.jpg,177,337,202,376,1
RGB0217X.jpg,238,383,260,422,1
RGB0217X.jpg,304,335,346,353,1
RGB0220X.jpg,172,337,201,352,2
RGB0220X.jpg,211,364,232,388,2
RGB0220X.jpg,302,328,318,356,2
RGB0222X.jpg,178,325,200,354,3
RGB0222X.jpg,239,341,262,372,3
RGB0222X.jpg,291,343,314,373,3
RGB0224X.jpg,142,334,177,362,7
RGB0224X.jpg,318,337,347,348,7
RGB0225X.jpg,148,341,162,365,4
RGB0225X.jpg,220,397,243,423,4
RGB0225X.jpg,291,338,319,353,4
RGB0226X.jpg,173,344,205,367,4
RGB0226X.jpg,298,338,322,362,4
RGB0226X.jpg,227,412,267,431,4
RGB0227X.jpg,152,344,182,359,2
RGB0227X.jpg,209,341,226,363,2
RGB0227X.jpg,274,343,288,369,2
RGB0228X.jpg,173,337,218,353,1
RGB0228X.jpg,240,365,259,384,1
RGB0228X.jpg,240,392,258,408,1
RGB0229X.jpg,167,321,205,350,5
RGB0229X.jpg,288,322,320,353,5
RGB0230X.jpg,177,344,226,383,8
RGB0230X.jpg,243,344,292,390,8
RGB0230X.jpg,322,338,342,360,8
RGB0231X.jpg,179,341,200,370,3
RGB0231X.jpg,222,410,270,441,3
RGB0231X.jpg,292,404,336,436,3
RGB0233X.jpg,149,336,169,359,2
RGB0233X.jpg,229,339,249,364,2
RGB0233X.jpg,305,339,319,369,2
RGB0234X.jpg,145,333,168,362,4
RGB0234X.jpg,274,337,287,364,4
RGB0234X.jpg,325,335,346,362,4
RGB0236X.jpg,168,328,202,348,5
RGB0236X.jpg,292,329,329,350,5
RGB0237X.jpg,288,403,331,437,3
RGB0237X.jpg,220,410,269,442,3
RGB0237X.jpg,149,405,184,426,3
RGB0238X.jpg,147,399,179,419,2
RGB0238X.jpg,231,418,261,434,2
RGB0238X.jpg,303,407,328,437,2
RGB0239X.jpg,147,333,173,366,7
RGB0239X.jpg,321,333,349,354,7
RGB0240X.jpg,173,331,199,358,8
RGB0240X.jpg,230,330,261,361,8
RGB0240X.jpg,272,332,298,369,8
RGB0241X.jpg,184,338,217,369,1
RGB0241X.jpg,242,383,260,422,1
RGB0241X.jpg,288,337,331,352,1
RGB0242X.jpg,148,389,176,402,4
RGB0242X.jpg,222,355,234,383,4
RGB0242X.jpg,158,338,181,346,4
RGB0243X.jpg,165,356,198,376,4
RGB0243X.jpg,245,332,260,356,4
RGB0243X.jpg,298,348,328,366,4
RGB0244X.jpg,287,362,307,392,3
RGB0244X.jpg,145,402,184,427,3
RGB0244X.jpg,238,366,261,400,3
RGB0245X.jpg,120,375,145,396,2
RGB0245X.jpg,236,381,266,400,2
RGB0245X.jpg,301,345,325,366,2
RGB0246X.jpg,239,366,257,383,1
RGB0246X.jpg,304,335,344,352,1
RGB0246X.jpg,184,337,218,366,1
RGB0247X.jpg,281,360,313,371,4
RGB0247X.jpg,336,336,349,361,4
RGB0247X.jpg,151,392,180,402,4
RGB0248X.jpg,167,339,189,362,8
RGB0248X.jpg,232,330,265,360,8
RGB0248X.jpg,280,331,314,360,8
RGB0249X.jpg,170,344,209,370,5
RGB0249X.jpg,287,343,323,368,5
RGB0250X.jpg,179,322,201,348,3
RGB0250X.jpg,237,323,257,353,3
RGB0250X.jpg,298,320,321,350,3
RGB0252X.jpg,270,352,300,373,4
RGB0252X.jpg,245,354,257,389,4
RGB0252X.jpg,170,337,194,354,4
RGB0253X.jpg,150,335,178,366,7
RGB0253X.jpg,334,341,347,361,7
RGB0255X.jpg,160,406,183,428,2
RGB0255X.jpg,189,330,208,352,2
RGB0255X.jpg,231,381,266,395,2
RGB0257X.jpg,146,336,182,360,1
RGB0257X.jpg,240,381,260,421,1
RGB0257X.jpg,291,336,332,353,1
RGB0258X.jpg,211,364,230,394,3
RGB0258X.jpg,230,341,268,357,3
RGB0258X.jpg,269,363,293,396,3
RGB0259X.jpg,220,330,230,352,4
RGB0259X.jpg,244,361,256,392,4
RGB0259X.jpg,269,328,282,352,4
RGB0260X.jpg,204,387,263,434,8
RGB0260X.jpg,297,386,340,435,8
RGB0260X.jpg,140,327,168,354,8
RGB0261X.jpg,242,329,261,349,2
RGB0261X.jpg,245,360,256,391,2
RGB0261X.jpg,287,407,319,432,2
RGB0262X.jpg,146,333,165,356,4
RGB0262X.jpg,244,360,257,390,4
RGB0262X.jpg,314,337,333,367,4
RGB0263X.jpg,180,339,203,375,1
RGB0263X.jpg,241,348,258,394,1
RGB0263X.jpg,272,338,316,354,1
RGB0264X.jpg,325,343,344,360,7
RGB0264X.jpg,152,333,197,354,7
RGB0266X.jpg,210,363,232,393,3
RGB0266X.jpg,237,323,258,346,3
RGB0266X.jpg,273,367,293,400,3
RGB0267X.jpg,195,340,220,357,4
RGB0267X.jpg,245,381,257,410,4
RGB0267X.jpg,296,339,333,364,4
RGB0268X.jpg,231,327,258,366,8
RGB0268X.jpg,284,327,311,367,8
RGB0268X.jpg,182,358,212,373,8
RGB0269X.jpg,268,328,281,352,4
RGB0269X.jpg,281,343,306,348,4
RGB0269X.jpg,309,336,336,352,4
RGB0270X.jpg,182,341,212,363,2
RGB0270X.jpg,248,337,278,354,2
RGB0270X.jpg,322,337,348,358,2
RGB0271X.jpg,154,337,173,365,3
RGB0271X.jpg,248,322,257,356,3
RGB0271X.jpg,316,340,342,368,3
RGB0272X.jpg,241,373,258,397,4
RGB0272X.jpg,286,339,308,369,4
RGB0272X.jpg,181,340,203,366,4
RGB0273X.jpg,312,337,344,365,7
RGB0273X.jpg,156,337,173,354,7
RGB0274X.jpg,173,329,198,350,8
RGB0274X.jpg,222,329,266,358,8
RGB0274X.jpg,294,338,320,361,8
RGB0275X.jpg,177,337,207,368,5
RGB0275X.jpg,293,339,329,365,5
RGB0276X.jpg,282,407,321,426,4
RGB0276X.jpg,242,362,257,386,4
RGB0276X.jpg,152,335,173,362,4
RGB0280X.jpg,181,341,218,371,5
RGB0280X.jpg,298,341,323,368,5
RGB0281X.jpg,175,331,190,349,2
RGB0281X.jpg,232,329,270,352,2
RGB0281X.jpg,303,330,334,367,2
RGB0283X.jpg,165,301,198,357,1
RGB0283X.jpg,245,329,257,352,1
RGB0283X.jpg,304,329,319,352,1
RGB0284X.jpg,315,337,354,363,7
RGB0284X.jpg,156,337,176,354,7
RGB0285X.jpg,168,330,215,356,8
RGB0285X.jpg,248,391,283,418,8
RGB0285X.jpg,275,331,323,354,8
RGB0286X.jpg,173,341,192,357,2
RGB0286X.jpg,234,330,258,373,2
RGB0286X.jpg,289,330,325,369,2
RGB0287X.jpg,178,331,218,354,5
RGB0287X.jpg,290,327,328,350,5
RGB0288X.jpg,168,333,199,390,1
RGB0288X.jpg,245,337,259,361,1
RGB0288X.jpg,304,338,317,362,1
RGB0289X.jpg,163,373,194,419,8
RGB0289X.jpg,237,360,264,381,8
RGB0289X.jpg,273,386,331,418,8
RGB0290X.jpg,156,333,175,346,2
RGB0290X.jpg,207,335,247,360,2
RGB0290X.jpg,292,333,329,367,2
RGB0291X.jpg,176,322,209,349,5
RGB0291X.jpg,294,321,327,350,5
RGB0293X.jpg,169,322,203,349,5
RGB0293X.jpg,295,325,325,350,5
RGB0294X.jpg,153,356,177,372,2
RGB0294X.jpg,219,354,265,395,2
RGB0294X.jpg,273,331,304,370,2
RGB0295X.jpg,144,367,169,410,8
RGB0295X.jpg,230,338,257,364,8
RGB0295X.jpg,269,389,330,418,8
RGB0296X.jpg,175,337,205,392,1
RGB0296X.jpg,243,337,258,363,1
RGB0296X.jpg,301,339,314,364,1
RGB0298X.jpg,166,408,186,430,2
RGB0298X.jpg,232,367,262,409,2
RGB0298X.jpg,299,390,352,434,2
RGB0299X.jpg,324,331,349,362,7
RGB0299X.jpg,148,339,171,354,7
RGB0301X.jpg,152,332,213,358,1
RGB0301X.jpg,233,336,261,350,1
RGB0301X.jpg,292,339,317,351,1
RGB0302X.jpg,187,327,203,352,4
RGB0302X.jpg,242,337,253,362,4
RGB0302X.jpg,289,341,302,357,4
RGB0303X.jpg,167,333,207,356,2
RGB0303X.jpg,228,329,263,367,2
RGB0303X.jpg,300,341,317,360,2
RGB0304X.jpg,159,332,221,357,1
RGB0304X.jpg,233,336,261,349,1
RGB0304X.jpg,295,339,321,352,1
RGB0305X.jpg,154,389,190,423,5
RGB0305X.jpg,288,392,325,431,5
RGB0306X.jpg,316,333,367,365,7
RGB0306X.jpg,157,336,176,355,7
RGB0307X.jpg,218,329,229,352,4
RGB0307X.jpg,236,338,264,349,4
RGB0307X.jpg,312,339,329,348,4
RGB0308X.jpg,173,332,206,393,1
RGB0308X.jpg,239,337,260,362,1
RGB0308X.jpg,299,339,317,361,1
RGB0309X.jpg,169,331,195,373,2
RGB0309X.jpg,226,371,273,409,2
RGB0309X.jpg,295,335,309,355,2
RGB0311X.jpg,152,340,169,357,7
RGB0311X.jpg,328,333,348,359,7
RGB0312X.jpg,218,357,226,381,4
RGB0312X.jpg,244,362,256,389,4
RGB0312X.jpg,335,344,347,358,4
RGB0313X.jpg,153,333,204,384,1
RGB0313X.jpg,236,337,258,359,1
RGB0313X.jpg,299,338,317,362,1
RGB0314X.jpg,156,386,197,428,5
RGB0314X.jpg,288,390,326,427,5
RGB0315X.jpg,176,325,202,366,2
RGB0315X.jpg,232,351,266,392,2
RGB0315X.jpg,300,408,318,432,2
RGB0316X.jpg,320,336,368,358,7
RGB0316X.jpg,157,335,171,350,7
RGB0317X.jpg,160,386,193,423,5
RGB0317X.jpg,287,390,323,432,5
RGB0318X.jpg,153,330,189,357,2
RGB0318X.jpg,211,404,261,444,2
RGB0318X.jpg,301,411,314,429,2
RGB0319X.jpg,181,338,210,393,1
RGB0319X.jpg,243,338,264,360,1
RGB0319X.jpg,295,341,317,362,1
RGB0320X.jpg,315,335,349,357,7
RGB0320X.jpg,150,334,169,356,7
RGB0321X.jpg,226,378,272,417,2
RGB0321X.jpg,291,410,319,430,2
RGB0321X.jpg,121,382,159,424,2
RGB0322X.jpg,169,387,202,428,5
RGB0322X.jpg,287,392,322,428,5
RGB0323X.jpg,233,381,264,399,4
RGB0323X.jpg,266,339,281,350,4
RGB0323X.jpg,219,330,227,352,4
RGB0325X.jpg,274,329,306,364,2
RGB0325X.jpg,242,331,253,354,2
RGB0325X.jpg,160,408,214,432,2
RGB0326X.jpg,282,411,319,430,5
RGB0326X.jpg,158,404,194,427,5
RGB0327X.jpg,313,335,344,354,7
RGB0327X.jpg,155,335,177,352,7
RGB0328X.jpg,213,341,226,367,4
RGB0328X.jpg,173,339,198,349,4
RGB0328X.jpg,162,392,184,404,4
RGB0329X.jpg,303,330,336,366,2
RGB0329X.jpg,235,338,257,354,2
RGB0329X.jpg,135,328,167,365,2
RGB0330X.jpg,287,413,323,430,5
RGB0330X.jpg,167,408,201,428,5
RGB0331X.jpg,213,357,226,384,4
RGB0331X.jpg,166,360,194,368,4
RGB0331X.jpg,148,352,158,366,4
RGB0332X.jpg,165,322,199,354,2
RGB0332X.jpg,233,335,256,348,2
RGB0332X.jpg,298,328,335,363,2
RGB0334X.jpg,184,402,196,434,5
RGB0334X.jpg,295,404,313,436,5
RGB0335X.jpg,316,330,346,356,7
RGB0335X.jpg,159,334,176,350,7
RGB0336X.jpg,164,399,187,421,2
RGB0336X.jpg,232,420,268,438,2
RGB0336X.jpg,312,354,348,392,2
RGB0337X.jpg,167,337,192,349,1
RGB0337X.jpg,273,340,300,352,1
RGB0337X.jpg,234,381,268,411,1
RGB0338X.jpg,181,404,197,435,5
RGB0338X.jpg,287,406,309,436,5
RGB0340X.jpg,169,339,190,361,1
RGB0340X.jpg,231,349,263,385,1
RGB0340X.jpg,296,337,316,361,1
RGB0341X.jpg,185,339,207,356,2
RGB0341X.jpg,232,356,259,402,2
RGB0341X.jpg,329,330,365,372,2
RGB0342X.jpg,178,341,191,369,5
RGB0342X.jpg,234,341,276,377,5
RGB0344X.jpg,168,335,192,349,1
RGB0344X.jpg,278,339,303,353,1
RGB0344X.jpg,241,331,268,396,1
RGB0346X.jpg,245,385,257,413,4
RGB0346X.jpg,275,362,286,379,4
RGB0346X.jpg,235,339,263,347,4
RGB0347X.jpg,314,339,340,359,7
RGB0347X.jpg,160,337,184,355,7
RGB0349X.jpg,161,338,187,358,5
RGB0349X.jpg,221,364,264,398,5
RGB0350X.jpg,299,342,328,370,2
RGB0350X.jpg,241,329,262,368,2
RGB0350X.jpg,167,322,190,352,2
RGB0351X.jpg,321,333,341,351,7
RGB0351X.jpg,152,339,178,356,7
RGB0353X.jpg,175,338,193,369,2
RGB0353X.jpg,234,335,262,367,2
RGB0353X.jpg,309,334,322,366,2
RGB0354X.jpg,155,336,178,352,7
RGB0354X.jpg,322,335,342,354,7
RGB0355X.jpg,212,359,227,385,4
RGB0355X.jpg,245,363,255,390,4
RGB0355X.jpg,232,410,255,421,4
RGB0356X.jpg,293,341,318,368,2
RGB0356X.jpg,236,330,266,368,2
RGB0356X.jpg,190,342,224,362,2
RGB0357X.jpg,242,372,258,401,1
RGB0357X.jpg,295,333,335,387,1
RGB0357X.jpg,161,336,184,350,1
RGB0361X.jpg,152,333,169,365,2
RGB0361X.jpg,232,326,255,365,2
RGB0361X.jpg,304,339,335,360,2
RGB0362X.jpg,167,336,193,350,1
RGB0362X.jpg,242,375,259,400,1
RGB0362X.jpg,249,335,313,356,1
RGB0363X.jpg,194,355,205,371,4
RGB0363X.jpg,173,339,201,349,4
RGB0363X.jpg,157,355,186,369,4
RGB0364X.jpg,326,332,348,354,7
RGB0364X.jpg,156,337,179,352,7
RGB0365X.jpg,272,346,283,371,4
RGB0365X.jpg,292,339,303,366,4
RGB0365X.jpg,313,338,329,347,4
RGB0367X.jpg,304,405,329,431,2
RGB0367X.jpg,241,385,265,422,2
RGB0367X.jpg,165,336,198,369,2
RGB0368X.jpg,296,343,325,364,2
RGB0368X.jpg,236,337,256,369,2
RGB0368X.jpg,181,339,219,373,2
RGB0369X.jpg,270,330,281,352,4
RGB0369X.jpg,297,328,309,352,4
RGB0369X.jpg,322,331,332,348,4
RGB0370X.jpg,234,384,265,452,1
RGB0370X.jpg,272,341,288,365,1
RGB0370X.jpg,156,336,181,348,1
RGB0371X.jpg,213,329,234,362,2
RGB0371X.jpg,274,334,305,353,2
RGB0371X.jpg,147,333,178,362,2
RGB0372X.jpg,272,343,282,366,4
RGB0372X.jpg,297,340,308,364,4
RGB0372X.jpg,317,340,329,353,4
RGB0373X.jpg,149,329,180,360,2
RGB0373X.jpg,237,326,253,353,2
RGB0373X.jpg,319,337,348,361,2
RGB0378X.jpg,144,329,176,352,2
RGB0378X.jpg,237,324,249,359,2
RGB0378X.jpg,261,340,297,367,2
RGB0381X.jpg,141,347,163,378,2
RGB0381X.jpg,201,333,233,360,2
RGB0381X.jpg,293,337,327,370,2
RGB0382X.jpg,173,334,181,348,4
RGB0382X.jpg,198,341,226,352,4
RGB0382X.jpg,218,358,229,386,4
RGB0383X.jpg,320,336,344,350,7
RGB0383X.jpg,150,332,182,350,7
RGB0384X.jpg,156,338,189,362,2
RGB0384X.jpg,222,345,245,373,2
RGB0384X.jpg,282,337,312,364,2
RGB0385X.jpg,121,389,134,397,4
RGB0385X.jpg,232,418,242,428,4
RGB0385X.jpg,275,411,285,439,4
RGB0388X.jpg,156,337,175,349,7
RGB0388X.jpg,325,333,352,349,7
RGB0391X.jpg,179,333,200,356,2
RGB0391X.jpg,232,415,257,439,2
RGB0391X.jpg,301,405,341,430,2
RGB0392X.jpg,320,338,339,350,7
RGB0392X.jpg,152,332,173,352,7
RGB0394X.jpg,168,405,200,429,2
RGB0394X.jpg,236,379,262,411,2
RGB0394X.jpg,291,327,326,359,2
RGB0396X.jpg,233,333,259,362,2
RGB0396X.jpg,288,339,310,366,2
RGB0396X.jpg,165,330,202,365,2
RGB0398X.jpg,154,336,163,354,4
RGB0398X.jpg,206,343,226,350,4
RGB0398X.jpg,269,360,291,383,4
RGB0400X.jpg,161,338,179,347,4
RGB0400X.jpg,235,381,262,392,4
RGB0400X.jpg,287,414,306,428,4
RGB0401X.jpg,197,352,224,381,2
RGB0401X.jpg,233,385,267,414,2
RGB0401X.jpg,270,358,293,388,2
RGB0402X.jpg,243,380,257,395,4
RGB0402X.jpg,174,360,198,372,4
RGB0402X.jpg,149,407,165,418,4
RGB0403X.jpg,162,327,195,357,2
RGB0403X.jpg,233,359,263,385,2
RGB0403X.jpg,286,338,314,358,2
RGB0404X.jpg,169,336,199,362,2
RGB0404X.jpg,301,333,323,360,2
RGB0404X.jpg,231,327,263,358,2
RGB0405X.jpg,243,360,258,387,4
RGB0405X.jpg,272,343,282,362,4
RGB0405X.jpg,304,341,313,360,4
RGB0406X.jpg,285,333,309,358,2
RGB0406X.jpg,241,376,262,419,2
RGB0406X.jpg,161,408,196,432,2
RGB0407X.jpg,219,340,226,359,4
RGB0407X.jpg,242,385,257,413,4
RGB0407X.jpg,296,331,307,350,4
RGB0408X.jpg,318,333,348,351,7
RGB0408X.jpg,350,384,380,416,7
RGB0408X.jpg,154,333,169,359,7
RGB0410X.jpg,157,336,171,354,7
RGB0410X.jpg,319,329,352,371,7
RGB0410X.jpg,355,387,373,413,7
RGB0412X.jpg,186,341,205,350,4
RGB0412X.jpg,226,354,236,365,4
RGB0412X.jpg,287,342,304,363,4
RGB0413X.jpg,323,332,349,359,7
RGB0413X.jpg,358,384,375,411,7
RGB0413X.jpg,157,336,182,353,7
RGB0414X.jpg,154,337,172,353,7
RGB0414X.jpg,346,385,375,409,7
RGB0414X.jpg,323,336,344,353,7
RGB0415X.jpg,149,333,168,343,4
RGB0415X.jpg,215,355,226,365,4
RGB0415X.jpg,196,410,218,440,4
RGB0416X.jpg,156,335,173,349,7
RGB0416X.jpg,327,335,354,360,7
RGB0416X.jpg,349,392,370,407,7
RGB0418X.jpg,169,314,222,388,2
RGB0419X.jpg,151,334,179,357,7
RGB0419X.jpg,316,337,340,349,7
RGB0419X.jpg,350,379,375,409,7
RGB0420X.jpg,229,339,250,347,4
RGB0420X.jpg,264,354,272,365,4
RGB0420X.jpg,293,341,309,363,4
RGB0422X.jpg,288,312,338,387,2
RGB0424X.jpg,289,373,351,446,2
RGB0425X.jpg,330,331,352,357,7
RGB0425X.jpg,352,386,372,409,7
RGB0425X.jpg,152,332,171,362,7
RGB0426X.jpg,205,384,283,452,2
RGB0427X.jpg,149,335,176,356,7
RGB0427X.jpg,321,337,345,347,7
RGB0427X.jpg,354,388,376,413,7
RGB0428X.jpg,144,314,214,379,2
RGB0429X.jpg,152,337,165,355,4
RGB0429X.jpg,225,354,239,369,4
RGB0429X.jpg,259,350,283,377,4
RGB0430X.jpg,251,320,336,392,2
RGB0431X.jpg,177,312,251,387,2
RGB0432X.jpg,153,339,177,352,7
RGB0432X.jpg,321,334,348,354,7
RGB0432X.jpg,346,384,373,412,7
RGB0433X.jpg,141,320,216,390,2
RGB0434X.jpg,154,336,178,352,7
RGB0434X.jpg,322,335,349,359,7
RGB0434X.jpg,354,386,374,410,7
RGB0435X.jpg,251,324,323,386,2
RGB0437X.jpg,330,339,346,365,7
RGB0437X.jpg,352,387,371,413,7
RGB0437X.jpg,147,331,180,356,7
RGB0439X.jpg,285,339,357,407,2
RGB0441X.jpg,320,333,351,363,7
RGB0441X.jpg,346,390,375,410,7
RGB0441X.jpg,148,336,167,356,7
RGB0443X.jpg,220,360,236,379,4
RGB0443X.jpg,272,354,284,366,4
RGB0443X.jpg,318,336,344,347,4
RGB0444X.jpg,215,328,235,354,4
RGB0444X.jpg,272,330,281,352,4
RGB0445X.jpg,173,341,201,353,4
RGB0445X.jpg,283,341,309,351,4
RGB0446X.jpg,224,354,236,369,4
RGB0446X.jpg,314,337,337,347,4
RGB0447X.jpg,274,352,289,369,4
RGB0447X.jpg,334,336,348,358,4
RGB0448X.jpg,234,336,264,350,4
RGB0448X.jpg,310,338,334,348,4
RGB0449X.jpg,150,410,171,421,4
RGB0449X.jpg,244,358,257,388,4
RGB0450X.jpg,230,378,264,394,4
RGB0450X.jpg,294,418,310,428,4
RGB0451X.jpg,272,343,282,367,4
RGB0451X.jpg,158,410,184,424,4
RGB0452X.jpg,168,411,186,426,4
RGB0452X.jpg,272,330,285,352,4
RGB0453X.jpg,186,327,200,352,4
RGB0453X.jpg,298,341,321,358,4
RGB0454X.jpg,182,328,199,347,4
RGB0454X.jpg,288,341,302,365,4
RGB0455X.jpg,141,329,168,350,4
RGB0455X.jpg,215,338,241,350,4
RGB0457X.jpg,161,356,188,369,4
RGB0457X.jpg,282,348,310,366,4
RGB0458X.jpg,152,336,163,357,4
RGB0458X.jpg,238,340,253,364,4
RGB0459X.jpg,164,404,176,431,4
RGB0459X.jpg,272,415,307,431,4
RGB0460X.jpg,234,338,250,362,4
RGB0460X.jpg,303,339,328,352,4
RGB0461X.jpg,169,338,182,360,4
RGB0461X.jpg,215,362,227,390,4
RGB0462X.jpg,259,340,286,354,4
RGB0462X.jpg,144,328,168,345,4
RGB0463X.jpg,209,347,227,375,4
RGB0463X.jpg,274,358,283,381,4
RGB0465X.jpg,183,332,214,348,8
RGB0465X.jpg,239,336,263,360,8
RGB0465X.jpg,298,341,327,361,8
RGB0466X.jpg,220,338,272,372,0
RGB0466X.jpg,287,343,346,383,0
RGB0467X.jpg,233,338,268,353,5
RGB0467X.jpg,228,412,271,432,5
RGB0467X.jpg,298,337,329,354,5
RGB0468X.jpg,262,340,287,356,3
RGB0468X.jpg,303,340,337,360,3
RGB0470X.jpg,219,409,261,434,5
RGB0470X.jpg,274,357,293,387,5
RGB0470X.jpg,330,337,348,365,5
RGB0471X.jpg,242,316,261,357,1
RGB0471X.jpg,280,309,299,354,1
RGB0471X.jpg,325,313,342,350,1
RGB0472X.jpg,228,314,270,347,0
RGB0472X.jpg,289,300,340,351,0
RGB0473X.jpg,296,331,328,351,3
RGB0473X.jpg,242,328,259,348,3
RGB0475X.jpg,236,341,269,369,7
RGB0475X.jpg,295,343,315,365,7
RGB0476X.jpg,226,409,269,436,5
RGB0476X.jpg,272,343,289,373,5
RGB0476X.jpg,329,335,349,364,5
RGB0477X.jpg,241,329,259,346,3
RGB0477X.jpg,291,331,325,348,3
RGB0478X.jpg,181,341,214,360,8
RGB0478X.jpg,236,328,262,356,8
RGB0478X.jpg,299,340,328,362,8
RGB0480X.jpg,247,337,266,352,9
RGB0480X.jpg,283,342,298,358,9
RGB0480X.jpg,316,333,331,352,9
RGB0482X.jpg,230,339,266,352,5
RGB0482X.jpg,221,417,266,437,5
RGB0482X.jpg,272,343,293,370,5
RGB0483X.jpg,224,407,266,435,7
RGB0483X.jpg,317,339,342,365,7
RGB0485X.jpg,175,325,202,356,8
RGB0485X.jpg,232,329,257,348,8
RGB0485X.jpg,295,326,320,350,8
RGB0487X.jpg,240,333,261,350,9
RGB0487X.jpg,274,341,288,359,9
RGB0487X.jpg,318,331,336,352,9
RGB0488X.jpg,239,333,265,347,3
RGB0488X.jpg,293,331,329,347,3
RGB0489X.jpg,216,394,279,435,0
RGB0489X.jpg,306,380,367,434,0
RGB0490X.jpg,229,341,264,352,5
RGB0490X.jpg,297,341,328,353,5
RGB0490X.jpg,308,396,335,431,5
RGB0491X.jpg,213,338,233,369,8
RGB0491X.jpg,246,331,259,361,8
RGB0491X.jpg,272,335,283,368,8
RGB0492X.jpg,270,360,293,387,7
RGB0492X.jpg,323,397,352,421,7
RGB0493X.jpg,234,335,259,384,1
RGB0493X.jpg,273,341,291,388,1
RGB0493X.jpg,321,335,340,376,1
RGB0494X.jpg,320,335,333,356,9
RGB0494X.jpg,278,342,293,358,9
RGB0494X.jpg,239,335,258,352,9
RGB0495X.jpg,240,340,266,354,3
RGB0495X.jpg,297,320,316,352,3
RGB0496X.jpg,220,394,272,446,0
RGB0496X.jpg,296,382,351,445,0
RGB0499X.jpg,244,326,261,358,5
RGB0499X.jpg,272,325,291,355,5
RGB0499X.jpg,312,322,325,347,5
RGB0500X.jpg,230,407,264,432,8
RGB0500X.jpg,290,406,324,434,8
RGB0500X.jpg,185,400,217,434,8
RGB0501X.jpg,236,340,262,353,3
RGB0501X.jpg,294,322,316,352,3
RGB0503X.jpg,239,409,262,429,9
RGB0503X.jpg,289,410,310,427,9
RGB0503X.jpg,340,399,364,414,9
RGB0504X.jpg,240,392,260,408,1
RGB0504X.jpg,226,334,278,352,1
RGB0504X.jpg,297,333,346,354,1
RGB0505X.jpg,240,313,282,347,0
RGB0505X.jpg,314,340,369,378,0
RGB0507X.jpg,232,335,262,350,7
RGB0507X.jpg,324,381,352,425,7
RGB0508X.jpg,241,324,256,352,5
RGB0508X.jpg,272,325,288,357,5
RGB0508X.jpg,309,323,323,352,5
RGB0509X.jpg,317,329,358,364,6
RGB0509X.jpg,220,330,270,369,6
RGB0512X.jpg,241,366,258,384,1
RGB0512X.jpg,222,334,276,354,1
RGB0512X.jpg,296,335,344,353,1
RGB0513X.jpg,213,354,239,381,7
RGB0513X.jpg,305,335,346,352,7
RGB0514X.jpg,244,338,266,354,9
RGB0514X.jpg,283,339,301,356,9
RGB0514X.jpg,325,349,340,367,9
RGB0515X.jpg,226,324,277,367,6
RGB0515X.jpg,340,372,381,418,6
RGB0516X.jpg,306,341,327,373,3
RGB0516X.jpg,247,339,264,362,3
RGB0517X.jpg,234,339,268,352,5
RGB0517X.jpg,273,341,291,371,5
RGB0517X.jpg,314,337,344,352,5
RGB0518X.jpg,209,344,256,417,0
RGB0518X.jpg,311,327,358,368,0
RGB0519X.jpg,264,339,298,365,7
RGB0519X.jpg,316,337,340,352,7
RGB0520X.jpg,180,323,208,357,8
RGB0520X.jpg,219,331,264,358,8
RGB0520X.jpg,287,333,333,366,8
RGB0521X.jpg,218,394,278,445,6
RGB0521X.jpg,275,336,319,369,6
RGB0523X.jpg,247,336,262,356,9
RGB0523X.jpg,271,339,289,354,9
RGB0523X.jpg,320,338,334,352,9
RGB0524X.jpg,226,412,258,437,3
RGB0524X.jpg,292,341,327,360,3
RGB0525X.jpg,268,339,318,371,0
RGB0525X.jpg,227,344,253,414,0
RGB0526X.jpg,211,338,243,356,7
RGB0526X.jpg,271,359,295,422,7
RGB0527X.jpg,173,330,204,351,8
RGB0527X.jpg,209,330,240,351,8
RGB0527X.jpg,261,327,293,354,8
RGB0528X.jpg,211,318,269,388,6
RGB0528X.jpg,301,311,333,357,6
RGB0529X.jpg,228,341,268,370,5
RGB0529X.jpg,274,339,309,371,5
RGB0529X.jpg,314,335,345,367,5
RGB0530X.jpg,238,413,263,442,3
RGB0530X.jpg,293,340,328,360,3
RGB0531X.jpg,234,345,257,363,9
RGB0531X.jpg,282,357,300,374,9
RGB0531X.jpg,335,380,354,394,9
RGB0532X.jpg,236,377,259,404,1
RGB0532X.jpg,281,337,302,386,1
RGB0532X.jpg,215,335,261,374,1
RGB0533X.jpg,288,336,323,362,7
RGB0533X.jpg,230,413,270,434,7
RGB0534X.jpg,213,342,272,389,6
RGB0534X.jpg,314,337,356,370,6
RGB0535X.jpg,226,410,269,440,8
RGB0535X.jpg,230,330,256,350,8
RGB0535X.jpg,296,330,325,350,8
RGB0536X.jpg,234,384,264,402,3
RGB0536X.jpg,299,397,342,430,3
RGB0537X.jpg,274,398,320,438,5
RGB0537X.jpg,313,339,344,368,5
RGB0537X.jpg,226,334,267,375,5
RGB0538X.jpg,273,362,296,381,7
RGB0538X.jpg,318,333,344,360,7
RGB0539X.jpg,234,412,262,430,9
RGB0539X.jpg,291,409,313,429,9
RGB0539X.jpg,344,400,361,417,9
RGB0540X.jpg,164,343,207,389,8
RGB0540X.jpg,223,338,274,360,8
RGB0540X.jpg,295,343,327,376,8
RGB0541X.jpg,240,418,261,436,1
RGB0541X.jpg,240,335,268,384,1
RGB0541X.jpg,304,339,334,379,1
RGB0542X.jpg,233,386,264,404,3
RGB0542X.jpg,300,384,340,417,3
RGB0544X.jpg,234,325,273,352,5
RGB0544X.jpg,264,393,309,430,5
RGB0544X.jpg,306,336,340,366,5
RGB0547X.jpg,233,345,282,391,3
RGB0547X.jpg,304,345,350,376,3
RGB0548X.jpg,243,375,261,400,3
RGB0548X.jpg,326,337,352,367,3
RGB0551X.jpg,215,337,258,376,1
RGB0551X.jpg,272,340,300,385,1
RGB0551X.jpg,328,314,350,353,1
RGB0552X.jpg,293,327,333,357,6
RGB0552X.jpg,218,387,281,430,6
RGB0553X.jpg,238,337,255,354,9
RGB0553X.jpg,287,346,308,360,9
RGB0553X.jpg,324,340,342,354,9
RGB0554X.jpg,242,375,259,400,3
RGB0554X.jpg,327,336,351,366,3
RGB0555X.jpg,239,410,269,434,7
RGB0555X.jpg,263,339,293,360,7
RGB0556X.jpg,194,335,238,394,0
RGB0556X.jpg,240,387,312,445,0
RGB0557X.jpg,221,322,270,363,6
RGB0557X.jpg,275,341,313,390,6
RGB0558X.jpg,169,343,205,388,8
RGB0558X.jpg,230,339,259,383,8
RGB0558X.jpg,283,343,322,393,8
RGB0560X.jpg,239,339,257,354,9
RGB0560X.jpg,283,342,304,360,9
RGB0560X.jpg,333,349,347,366,9
RGB0561X.jpg,240,340,262,362,3
RGB0561X.jpg,343,384,372,419,3
RGB0562X.jpg,232,337,270,357,7
RGB0562X.jpg,321,335,346,349,7
RGB0563X.jpg,242,371,262,408,1
RGB0563X.jpg,240,360,260,380,1
RGB0563X.jpg,293,338,315,377,1
RGB0564X.jpg,215,336,283,378,0
RGB0564X.jpg,297,338,348,375,0
RGB0565X.jpg,202,344,245,393,6
RGB0565X.jpg,321,335,361,375,6
RGB0566X.jpg,157,386,224,440,8
RGB0566X.jpg,231,400,291,434,8
RGB0566X.jpg,307,394,365,427,8
RGB0567X.jpg,199,344,222,356,3
RGB0567X.jpg,338,381,372,413,3
RGB0568X.jpg,234,408,276,440,5
RGB0568X.jpg,293,388,335,425,5
RGB0568X.jpg,279,323,316,354,5
RGB0569X.jpg,274,342,298,360,7
RGB0569X.jpg,205,394,241,439,7
RGB0570X.jpg,162,341,204,389,8
RGB0570X.jpg,229,387,281,436,8
RGB0570X.jpg,315,379,368,434,8
RGB0571X.jpg,219,381,270,430,6
RGB0571X.jpg,333,371,367,418,6
RGB0572X.jpg,241,387,261,406,1
RGB0572X.jpg,241,344,259,381,1
RGB0572X.jpg,300,338,329,375,1
RGB0574X.jpg,193,381,281,448,0
RGB0574X.jpg,296,386,349,445,0
RGB0575X.jpg,266,411,290,437,7
RGB0575X.jpg,329,366,361,417,7
RGB0576X.jpg,231,335,273,370,5
RGB0576X.jpg,276,339,310,369,5
RGB0576X.jpg,320,338,353,367,5
RGB0578X.jpg,226,316,274,363,6
RGB0578X.jpg,302,314,342,353,6
RGB0579X.jpg,179,324,217,357,8
RGB0579X.jpg,226,329,260,362,8
RGB0579X.jpg,290,328,321,363,8
RGB0582X.jpg,234,417,258,432,9
RGB0582X.jpg,293,409,314,431,9
RGB0582X.jpg,342,401,359,416,9
RGB0583X.jpg,268,341,291,362,7
RGB0583X.jpg,322,335,346,362,7
RGB0584X.jpg,293,333,331,374,8
RGB0584X.jpg,222,333,270,360,8
RGB0584X.jpg,183,344,208,374,8
RGB0585X.jpg,218,327,262,360,6
RGB0585X.jpg,285,325,331,359,6
RGB0586X.jpg,234,339,273,373,5
RGB0586X.jpg,274,338,309,367,5
RGB0586X.jpg,309,340,340,369,5
RGB0587X.jpg,239,340,261,374,3
RGB0587X.jpg,305,341,323,363,3
RGB0589X.jpg,173,361,232,419,0
RGB0589X.jpg,260,362,304,409,0
RGB0590X.jpg,237,358,259,381,1
RGB0590X.jpg,242,372,271,406,1
RGB0590X.jpg,304,338,333,375,1
RGB0591X.jpg,298,341,337,371,8
RGB0591X.jpg,234,345,260,388,8
RGB0591X.jpg,173,341,207,369,8
RGB0592X.jpg,228,333,276,387,6
RGB0592X.jpg,287,335,333,369,6
RGB0594X.jpg,230,337,263,375,5
RGB0594X.jpg,277,339,309,371,5
RGB0594X.jpg,313,320,344,349,5
RGB0596X.jpg,181,323,205,349,8
RGB0596X.jpg,234,327,258,350,8
RGB0596X.jpg,289,327,314,352,8
RGB0597X.jpg,228,338,263,360,7
RGB0597X.jpg,229,413,261,440,7
RGB0598X.jpg,220,363,270,419,6
RGB0598X.jpg,322,377,371,411,6
RGB0600X.jpg,241,335,268,385,1
RGB0600X.jpg,296,337,318,373,1
RGB0600X.jpg,319,336,364,356,1
RGB0601X.jpg,232,340,270,357,3
RGB0601X.jpg,301,341,323,354,3
RGB0603X.jpg,194,332,226,351,8
RGB0603X.jpg,232,346,257,368,8
RGB0603X.jpg,308,331,336,349,8
RGB0604X.jpg,229,326,278,389,6
RGB0604X.jpg,314,320,360,351,6
RGB0605X.jpg,290,340,317,356,7
RGB0605X.jpg,329,331,360,362,7
RGB0608X.jpg,215,337,261,375,1
RGB0608X.jpg,276,338,312,368,1
RGB0608X.jpg,328,335,346,376,1
RGB0609X.jpg,224,415,275,426,9
RGB0609X.jpg,287,407,307,430,9
RGB0609X.jpg,336,386,368,411,9
RGB0610X.jpg,149,362,174,389,8
RGB0610X.jpg,226,377,263,410,8
RGB0610X.jpg,278,343,303,366,8
RGB0612X.jpg,230,329,269,348,3
RGB0612X.jpg,304,335,324,347,3
RGB0613X.jpg,222,378,283,432,6
RGB0613X.jpg,266,325,314,360,6
RGB0614X.jpg,261,408,290,434,7
RGB0614X.jpg,346,385,376,416,7
RGB0615X.jpg,166,358,202,386,8
RGB0615X.jpg,235,374,276,406,8
RGB0615X.jpg,278,341,300,366,8
RGB0616X.jpg,235,314,253,352,1
RGB0616X.jpg,274,318,290,358,1
RGB0616X.jpg,323,309,346,350,1
RGB0617X.jpg,244,405,257,437,9
RGB0617X.jpg,283,410,305,432,9
RGB0617X.jpg,352,379,363,414,9
RGB0618X.jpg,216,356,283,399,0
RGB0618X.jpg,285,358,338,394,0
RGB0619X.jpg,232,329,270,346,3
RGB0619X.jpg,297,336,320,348,3
RGB0620X.jpg,222,322,271,406,6
RGB0620X.jpg,318,318,358,354,6
RGB0621X.jpg,232,326,268,358,5
RGB0621X.jpg,234,402,268,439,5
RGB0621X.jpg,304,323,336,356,5
RGB0622X.jpg,236,386,264,417,8
RGB0622X.jpg,322,338,348,362,8
RGB0622X.jpg,140,334,165,361,8
RGB0623X.jpg,236,331,261,353,7
RGB0623X.jpg,323,333,350,360,7
RGB0624X.jpg,231,336,253,350,9
RGB0624X.jpg,285,341,301,360,9
RGB0624X.jpg,312,333,349,348,9
RGB0625X.jpg,239,322,261,356,3
RGB0625X.jpg,295,329,311,348,3
RGB0627X.jpg,240,310,261,356,1
RGB0627X.jpg,277,318,293,354,1
RGB0627X.jpg,317,309,341,351,1
RGB0628X.jpg,225,316,272,396,6
RGB0628X.jpg,276,351,328,382,6
RGB0629X.jpg,237,329,269,352,5
RGB0629X.jpg,287,331,325,351,5
RGB0629X.jpg,288,398,322,428,5
RGB0632X.jpg,264,394,293,441,7
RGB0632X.jpg,264,341,291,357,7
RGB0633X.jpg,242,322,262,350,3
RGB0633X.jpg,298,328,316,348,3
RGB0634X.jpg,222,318,274,373,6
RGB0634X.jpg,287,325,330,360,6
RGB0636X.jpg,239,334,259,385,1
RGB0636X.jpg,273,341,293,377,1
RGB0636X.jpg,318,334,340,379,1
RGB0637X.jpg,168,339,195,363,8
RGB0637X.jpg,226,349,261,376,8
RGB0637X.jpg,293,341,328,361,8
RGB0638X.jpg,264,413,297,434,7
RGB0638X.jpg,309,337,347,361,7
RGB0639X.jpg,235,337,263,354,9
RGB0639X.jpg,288,362,304,379,9
RGB0639X.jpg,310,336,342,352,9
RGB0640X.jpg,233,405,261,444,3
RGB0640X.jpg,309,405,325,430,3
RGB0641X.jpg,230,347,270,377,5
RGB0641X.jpg,287,338,318,368,5
RGB0641X.jpg,336,384,369,411,5
RGB0642X.jpg,218,376,272,429,6
RGB0642X.jpg,310,346,354,377,6
RGB0643X.jpg,240,336,258,387,1
RGB0643X.jpg,274,339,290,379,1
RGB0643X.jpg,319,333,339,378,1
RGB0644X.jpg,221,415,258,436,7
RGB0644X.jpg,272,341,302,369,7
RGB0646X.jpg,202,337,256,371,0
RGB0646X.jpg,266,352,349,434,0
RGB0647X.jpg,233,378,264,416,3
RGB0647X.jpg,309,403,331,430,3
RGB0649X.jpg,217,336,269,382,6
RGB0649X.jpg,268,318,302,358,6
RGB0652X.jpg,186,410,217,432,8
RGB0652X.jpg,245,397,281,432,8
RGB0652X.jpg,329,356,357,383,8
RGB0653X.jpg,261,406,297,436,7
RGB0653X.jpg,236,339,264,352,7
RGB0655X.jpg,300,407,329,428,3
RGB0655X.jpg,238,376,262,411,3
RGB0657X.jpg,222,322,283,368,6
RGB0657X.jpg,304,323,354,354,6
RGB0659X.jpg,240,335,257,377,1
RGB0659X.jpg,274,340,295,383,1
RGB0659X.jpg,331,333,356,376,1
RGB0660X.jpg,202,405,241,437,7
RGB0660X.jpg,329,333,354,347,7
RGB0662X.jpg,238,370,262,408,3
RGB0662X.jpg,296,411,324,429,3
RGB0663X.jpg,236,337,277,352,9
RGB0663X.jpg,287,341,299,374,9
RGB0663X.jpg,322,356,339,374,9
RGB0664X.jpg,209,348,274,397,0
RGB0664X.jpg,274,305,350,364,0
RGB0665X.jpg,226,386,287,428,6
RGB0665X.jpg,304,323,354,354,6
RGB0666X.jpg,262,340,292,358,8
RGB0666X.jpg,222,378,257,402,8
RGB0666X.jpg,142,331,169,356,8
RGB0667X.jpg,199,336,239,356,7
RGB0667X.jpg,260,341,290,357,7
RGB0668X.jpg,241,320,259,354,1
RGB0668X.jpg,272,314,291,360,1
RGB0668X.jpg,328,304,352,352,1
RGB0670X.jpg,227,337,285,382,6
RGB0670X.jpg,304,323,354,355,6
RGB0671X.jpg,165,340,196,362,8
RGB0671X.jpg,241,374,268,398,8
RGB0671X.jpg,289,349,320,372,8
RGB0673X.jpg,268,408,293,432,7
RGB0673X.jpg,203,381,244,444,7
RGB0675X.jpg,216,335,261,353,1
RGB0675X.jpg,277,337,325,357,1
RGB0675X.jpg,333,309,360,349,1
RGB0676X.jpg,220,378,285,444,6
RGB0676X.jpg,334,373,378,422,6
RGB0677X.jpg,229,402,270,441,3
RGB0677X.jpg,335,335,350,357,3
RGB0679X.jpg,243,338,264,354,9
RGB0679X.jpg,274,348,317,362,9
RGB0679X.jpg,331,339,341,367,9
RGB0680X.jpg,226,337,262,371,5
RGB0680X.jpg,272,344,304,378,5
RGB0680X.jpg,318,340,349,369,5
RGB0682X.jpg,219,322,272,378,6
RGB0682X.jpg,317,326,359,360,6
RGB0683X.jpg,295,400,340,430,7
RGB0683X.jpg,323,336,339,352,7
RGB0684X.jpg,224,335,269,351,1
RGB0684X.jpg,277,313,299,357,1
RGB0684X.jpg,299,334,346,354,1
RGB0685X.jpg,226,363,269,399,3
RGB0685X.jpg,358,385,375,407,3
RGB0686X.jpg,239,339,257,357,9
RGB0686X.jpg,295,345,310,381,9
RGB0686X.jpg,316,337,337,362,9
RGB0687X.jpg,302,343,332,368,8
RGB0687X.jpg,226,338,251,361,8
RGB0687X.jpg,148,338,176,366,8
RGB0688X.jpg,226,335,262,365,5
RGB0688X.jpg,275,338,310,373,5
RGB0688X.jpg,319,394,352,425,5
RGB0689X.jpg,226,400,267,440,7
RGB0689X.jpg,265,341,288,362,7
RGB0690X.jpg,234,320,278,383,6
RGB0690X.jpg,303,321,328,370,6
RGB0691X.jpg,299,391,313,434,9
RGB0691X.jpg,338,390,357,419,9
RGB0691X.jpg,224,413,250,430,9
RGB0692X.jpg,223,378,256,405,8
RGB0692X.jpg,205,344,234,369,8
RGB0692X.jpg,272,335,301,358,8
RGB0695X.jpg,166,339,199,360,8
RGB0695X.jpg,253,341,278,366,8
RGB0695X.jpg,236,409,272,435,8
RGB0696X.jpg,207,337,234,360,7
RGB0696X.jpg,253,410,283,440,7
RGB0699X.jpg,213,335,241,362,3
RGB0699X.jpg,274,339,281,365,3
RGB0700X.jpg,207,341,232,368,8
RGB0700X.jpg,239,339,266,364,8
RGB0700X.jpg,274,341,299,369,8
RGB0701X.jpg,230,323,268,354,5
RGB0701X.jpg,285,328,317,354,5
RGB0701X.jpg,244,402,295,438,5
RGB0702X.jpg,211,409,235,437,7
RGB0702X.jpg,278,339,314,360,7
RGB0703X.jpg,232,324,266,387,6
RGB0703X.jpg,290,327,333,373,6
RGB0704X.jpg,275,342,308,371,9
RGB0704X.jpg,321,337,339,366,9
RGB0704X.jpg,244,331,258,350,9
RGB0706X.jpg,209,341,235,358,7
RGB0706X.jpg,245,404,289,440,7
RGB0707X.jpg,221,373,267,409,5
RGB0707X.jpg,276,394,307,434,5
RGB0707X.jpg,258,341,296,370,5
RGB0708X.jpg,232,325,266,381,6
RGB0708X.jpg,301,329,330,377,6
RGB0709X.jpg,213,334,257,356,7
RGB0709X.jpg,260,341,295,352,7
RGB0710X.jpg,233,337,265,361,8
RGB0710X.jpg,237,376,268,399,8
RGB0710X.jpg,232,409,269,435,8
RGB0711X.jpg,222,342,253,377,5
RGB0711X.jpg,270,343,306,373,5
RGB0711X.jpg,319,336,352,364,5
RGB0712X.jpg,264,405,289,437,7
RGB0712X.jpg,322,331,348,362,7
RGB0713X.jpg,224,330,287,378,6
RGB0713X.jpg,297,322,325,365,6
RGB0714X.jpg,236,336,270,368,5
RGB0714X.jpg,293,390,330,425,5
RGB0714X.jpg,216,400,259,437,5
RGB0715X.jpg,236,334,266,350,7
RGB0715X.jpg,249,407,278,445,7
RGB0716X.jpg,218,377,274,442,6
RGB0716X.jpg,285,335,334,375,6
RGB0717X.jpg,189,338,220,361,7
RGB0717X.jpg,228,407,255,437,7
RGB0718X.jpg,215,375,250,394,5
RGB0718X.jpg,277,397,325,432,5
RGB0718X.jpg,293,338,325,369,5
RGB0719X.jpg,240,334,273,350,7
RGB0719X.jpg,170,394,206,434,7
RGB0720X.jpg,218,322,291,373,6
RGB0720X.jpg,300,312,333,357,6
RGB0721X.jpg,218,330,260,351,5
RGB0721X.jpg,272,327,310,354,5
RGB0721X.jpg,321,322,354,350,5
RGB0722X.jpg,272,358,296,377,7
RGB0722X.jpg,310,331,349,360,7
RGB0723X.jpg,212,376,279,442,6
RGB0723X.jpg,257,324,307,360,6
RGB0724X.jpg,234,337,262,351,7
RGB0724X.jpg,221,409,283,436,7
RGB0725X.jpg,214,330,272,377,6
RGB0725X.jpg,298,341,339,382,6
RGB0726X.jpg,272,341,315,373,7
RGB0726X.jpg,208,339,237,356,7
RGB0727X.jpg,230,335,264,352,7
RGB0727X.jpg,297,333,348,354,7
RGB0728X.jpg,234,350,276,409,6
RGB0728X.jpg,297,341,339,381,6
RGB0729X.jpg,227,400,256,429,7
RGB0729X.jpg,221,334,264,358,7
RGB0730X.jpg,214,379,290,445,6
RGB0730X.jpg,298,341,339,381,6
RGB0731X.jpg,302,338,328,354,7
RGB0731X.jpg,233,400,267,440,7
RGB0732X.jpg,211,362,269,413,6
RGB0732X.jpg,328,377,374,413,6
RGB0733X.jpg,271,405,293,436,7
RGB0733X.jpg,235,330,270,354,7
RGB0734X.jpg,241,340,259,356,9
RGB0734X.jpg,283,343,299,360,9
RGB0734X.jpg,327,334,344,354,9
RGB0735X.jpg,210,392,257,428,7
RGB0735X.jpg,306,338,335,354,7
RGB0736X.jpg,253,321,306,366,6
RGB0736X.jpg,319,323,357,352,6
RGB0737X.jpg,236,339,251,354,9
RGB0737X.jpg,273,333,290,352,9
RGB0737X.jpg,324,333,337,352,9
RGB0738X.jpg,304,339,333,354,7
RGB0739X.jpg,197,322,245,368,6
RGB0739X.jpg,272,345,312,388,6
RGB0740X.jpg,237,340,255,354,9
RGB0740X.jpg,279,343,298,356,9
RGB0740X.jpg,325,335,344,352,9
RGB0743X.jpg,217,383,277,438,6
RGB0743X.jpg,306,337,349,375,6
RGB0744X.jpg,237,417,264,429,9
RGB0744X.jpg,290,410,304,426,9
RGB0744X.jpg,349,397,371,413,9
RGB0745X.jpg,218,334,278,379,6
RGB0745X.jpg,270,389,319,434,6
RGB0746X.jpg,237,333,257,350,9
RGB0746X.jpg,280,343,302,353,9
RGB0746X.jpg,330,333,344,349,9
RGB0747X.jpg,240,382,309,430,6
RGB0747X.jpg,334,378,371,421,6
RGB0748X.jpg,198,380,260,440,6
RGB0748X.jpg,275,337,319,378,6
RGB0749X.jpg,286,342,295,362,9
RGB0749X.jpg,245,333,261,352,9
RGB0749X.jpg,323,336,342,352,9
RGB0751X.jpg,244,334,258,354,9
RGB0751X.jpg,272,346,292,357,9
RGB0751X.jpg,325,336,344,349,9
RGB0752X.jpg,232,341,272,400,6
RGB0752X.jpg,319,384,363,428,6
RGB0753X.jpg,239,412,264,431,9
RGB0753X.jpg,281,412,297,432,9
RGB0753X.jpg,345,394,361,413,9
RGB0754X.jpg,211,330,262,391,6
RGB0754X.jpg,300,316,333,360,6
RGB0755X.jpg,239,415,256,438,9
RGB0755X.jpg,280,408,299,432,9
RGB0755X.jpg,344,392,361,409,9
RGB0756X.jpg,207,362,261,421,6
RGB0756X.jpg,272,338,308,381,6
RGB0757X.jpg,245,337,265,352,9
RGB0757X.jpg,293,341,313,355,9
RGB0757X.jpg,330,338,341,347,9
RGB0758X.jpg,219,334,274,380,6
RGB0758X.jpg,315,330,349,371,6
RGB0759X.jpg,242,335,257,354,9
RGB0759X.jpg,291,336,308,357,9
RGB0759X.jpg,325,349,335,368,9
RGB0760X.jpg,320,338,333,350,9
RGB0760X.jpg,285,338,304,352,9
RGB0760X.jpg,235,338,256,353,9
RGB0761X.jpg,237,402,257,420,9
RGB0761X.jpg,288,410,312,429,9
RGB0761X.jpg,346,394,358,413,9
RGB0762X.jpg,237,411,258,430,9
RGB0762X.jpg,294,409,314,429,9
RGB0762X.jpg,353,392,367,410,9
RGB0763X.jpg,228,333,269,382,6
RGB0763X.jpg,299,338,340,381,6
RGB0764X.jpg,216,417,282,429,9
RGB0764X.jpg,301,388,316,432,9
RGB0764X.jpg,354,392,365,410,9
RGB0765X.jpg,224,331,264,378,6
RGB0765X.jpg,287,335,341,367,6
RGB0766X.jpg,335,337,344,354,9
RGB0766X.jpg,280,406,335,423,9
RGB0766X.jpg,259,392,274,442,9
RGB0771X.jpg,232,322,257,373,6
RGB0771X.jpg,293,325,343,383,6
RGB0772X.jpg,224,340,273,348,9
RGB0772X.jpg,287,340,312,357,9
RGB0772X.jpg,323,358,337,367,9
RGB0773X.jpg,232,318,264,369,6
RGB0773X.jpg,301,314,339,365,6
RGB0774X.jpg,244,339,262,349,9
RGB0774X.jpg,277,343,310,360,9
RGB0774X.jpg,327,337,344,352,9
RGB0775X.jpg,237,364,268,409,6
RGB0775X.jpg,272,389,344,446,6
RGB0777X.jpg,222,392,270,444,6
RGB0777X.jpg,321,385,382,427,6
RGB0778X.jpg,229,413,249,429,9
RGB0778X.jpg,272,392,296,440,9
RGB0778X.jpg,320,401,361,415,9
RGB0779X.jpg,220,401,282,438,6
RGB0779X.jpg,301,389,361,433,6
RGB0780X.jpg,225,416,243,434,9
RGB0780X.jpg,273,411,333,423,9
RGB0780X.jpg,352,381,364,418,9
RGB0781X.jpg,217,387,265,437,6
RGB0781X.jpg,294,381,337,442,6
RGB0783X.jpg,241,417,260,433,9
RGB0783X.jpg,271,392,285,443,9
RGB0783X.jpg,358,377,377,412,9
RGB0784X.jpg,234,345,272,389,6
RGB0784X.jpg,286,317,341,370,6
RGB0785X.jpg,227,341,270,355,9
RGB0785X.jpg,282,345,298,356,9
RGB0785X.jpg,306,341,353,354,9
RGB0786X.jpg,235,370,274,413,6
RGB0786X.jpg,317,322,355,351,6
RGB0788X.jpg,227,336,268,349,9
RGB0788X.jpg,281,363,304,373,9
RGB0788X.jpg,333,333,350,370,9
RGB0790X.jpg,238,339,252,377,9
RGB0790X.jpg,289,343,304,357,9
RGB0790X.jpg,319,337,342,377,9
RGB0791X.jpg,194,339,249,385,6
RGB0791X.jpg,339,365,383,418,6
RGB0792X.jpg,237,404,255,440,9
RGB0792X.jpg,277,411,288,432,9
RGB0792X.jpg,338,377,363,416,9
RGB0793X.jpg,255,328,298,367,6
RGB0793X.jpg,219,386,274,442,6
RGB0795X.jpg,325,390,373,407,9
RGB0795X.jpg,276,419,302,430,9
RGB0795X.jpg,210,413,270,427,9
RGB0796X.jpg,216,358,278,406,6
RGB0796X.jpg,261,329,314,361,6
RGB0797X.jpg,222,327,264,383,6
RGB0797X.jpg,304,328,333,389,6
RGB0798X.jpg,214,323,261,378,6
RGB0798X.jpg,305,301,338,366,6
RGB0799X.jpg,281,377,342,436,6
RGB0799X.jpg,213,362,268,413,6
RGB0800X.jpg,264,343,309,377,6
RGB0800X.jpg,208,384,269,431,6
RGB0801X.jpg,213,337,268,381,6
RGB0801X.jpg,288,315,325,352,6
RGB0802X.jpg,213,375,271,424,6
RGB0802X.jpg,207,322,273,362,6
RGB0804X.jpg,226,362,269,409,6
RGB0804X.jpg,280,342,320,389,6
RGB0807X.jpg,297,392,346,432,6
RGB0807X.jpg,188,394,246,445,6
RGB0809X.jpg,242,331,285,376,6
RGB0809X.jpg,315,320,363,365,6
RGB0810X.jpg,243,339,264,356,9
RGB0811X.jpg,244,337,262,356,9
RGB0813X.jpg,240,411,260,432,9
RGB0814X.jpg,212,326,264,370,6
RGB0814X.jpg,289,320,340,355,6
RGB0815X.jpg,245,407,260,427,9
RGB0816X.jpg,301,388,352,439,6
RGB0816X.jpg,205,377,264,421,6
RGB0817X.jpg,288,351,309,369,9
RGB0818X.jpg,296,305,330,369,6
RGB0818X.jpg,210,329,270,371,6
RGB0820X.jpg,276,371,296,388,9
RGB0822X.jpg,282,411,301,429,9
RGB0823X.jpg,257,341,324,370,6
RGB0823X.jpg,221,375,267,426,6
RGB0824X.jpg,280,406,304,430,9
RGB0825X.jpg,214,369,272,425,6
RGB0825X.jpg,295,344,335,387,6
RGB0826X.jpg,333,338,349,357,9
RGB0828X.jpg,327,339,346,356,9
RGB0829X.jpg,208,321,245,372,6
RGB0829X.jpg,278,335,332,377,6
RGB0830X.jpg,360,390,375,408,9
RGB0831X.jpg,319,368,373,424,6
RGB0831X.jpg,199,384,243,436,6
RGB0832X.jpg,362,388,379,406,9
RGB0833X.jpg,201,318,243,360,6
RGB0833X.jpg,269,319,321,367,6
RGB0834X.jpg,316,381,339,402,9
RGB0836X.jpg,232,367,294,432,6
RGB0836X.jpg,314,380,356,426,6
RGB0837X.jpg,229,339,281,353,9
RGB0839X.jpg,237,341,251,388,9
RGB0840X.jpg,223,320,269,367,6
RGB0840X.jpg,303,324,359,360,6
RGB0841X.jpg,237,338,268,352,9
RGB0842X.jpg,230,389,274,440,6
RGB0842X.jpg,241,320,291,360,6
RGB0843X.jpg,234,331,263,350,9
RGB0844X.jpg,220,417,290,429,9
RGB0846X.jpg,236,405,251,442,9
RGB0848X.jpg,287,342,301,386,9
RGB0849X.jpg,192,374,256,420,6
RGB0849X.jpg,293,330,357,365,6
RGB0850X.jpg,272,339,320,357,9
RGB0852X.jpg,272,343,302,364,9
RGB0853X.jpg,205,353,259,395,6
RGB0853X.jpg,252,388,302,456,6
RGB0854X.jpg,274,394,289,438,9
RGB0855X.jpg,209,379,272,434,6
RGB0855X.jpg,285,331,322,400,6
RGB0857X.jpg,333,337,349,379,9
RGB0858X.jpg,230,320,272,367,6
RGB0858X.jpg,292,324,354,372,6
RGB0860X.jpg,218,375,277,423,6
RGB0860X.jpg,245,395,321,449,6
RGB0861X.jpg,314,340,354,369,9
RGB0862X.jpg,349,380,363,420,9
RGB0863X.jpg,326,393,375,414,9
RGB0865X.jpg,237,320,264,357,2
RGB0866X.jpg,240,337,264,362,7
RGB0867X.jpg,246,320,263,363,2
RGB0868X.jpg,234,339,266,353,7
RGB0869X.jpg,228,338,264,356,7
RGB0870X.jpg,230,358,280,405,2
RGB0871X.jpg,232,336,275,354,7
RGB0872X.jpg,240,355,266,404,2
RGB0875X.jpg,239,404,266,432,7
RGB0876X.jpg,220,417,277,433,2
RGB0877X.jpg,236,402,267,434,7
RGB0878X.jpg,229,409,274,432,7
RGB0879X.jpg,228,364,259,410,2
RGB0880X.jpg,234,402,268,436,7
RGB0881X.jpg,228,406,264,436,7
RGB0882X.jpg,228,404,281,450,2
RGB0883X.jpg,283,342,310,369,7
RGB0884X.jpg,229,414,265,445,2
RGB0886X.jpg,274,333,296,377,2
RGB0890X.jpg,272,342,301,361,7
RGB0891X.jpg,274,338,301,377,2
RGB0892X.jpg,269,342,299,360,7
RGB0895X.jpg,288,402,338,435,2
RGB0896X.jpg,266,407,300,433,7
RGB0898X.jpg,280,410,336,432,2
RGB0900X.jpg,276,339,306,379,2
RGB0901X.jpg,270,336,312,361,2
RGB0902X.jpg,293,392,320,426,7
RGB0903X.jpg,346,392,368,415,7
RGB0904X.jpg,277,323,299,369,2
RGB0905X.jpg,339,328,363,368,2
RGB0906X.jpg,348,382,371,413,7
RGB0907X.jpg,328,333,366,357,2
RGB0908X.jpg,352,381,374,415,7
RGB0909X.jpg,325,317,359,358,2
RGB0910X.jpg,352,384,376,405,7
RGB0912X.jpg,357,377,378,405,7
RGB0914X.jpg,330,333,354,362,7
RGB0915X.jpg,341,383,389,411,2
RGB0916X.jpg,328,337,346,360,7
RGB0918X.jpg,318,337,341,352,7
RGB0920X.jpg,320,331,346,355,7
RGB0921X.jpg,325,335,344,355,7
RGB0922X.jpg,328,342,369,378,2
RGB0924X.jpg,242,339,261,369,3
RGB0926X.jpg,239,324,259,349,3
RGB0927X.jpg,234,331,264,385,1
RGB0930X.jpg,230,370,264,410,1
RGB0931X.jpg,236,407,259,442,3
RGB0932X.jpg,232,413,274,433,3
RGB0933X.jpg,229,377,264,410,1
RGB0937X.jpg,240,373,262,406,3
RGB0938X.jpg,236,301,263,358,1
RGB0939X.jpg,240,369,264,404,3
RGB0941X.jpg,215,331,289,357,1
RGB0942X.jpg,206,331,281,355,1
RGB0943X.jpg,234,405,270,440,3
RGB0944X.jpg,266,335,333,359,1
RGB0945X.jpg,281,344,301,371,3
RGB0946X.jpg,268,334,333,356,1
RGB0947X.jpg,282,343,304,371,3
RGB0948X.jpg,272,336,298,402,1
RGB0949X.jpg,282,322,301,348,3
RGB0950X.jpg,274,339,302,401,1
RGB0951X.jpg,283,323,304,349,3
RGB0954X.jpg,278,297,309,360,1
RGB0955X.jpg,272,335,304,348,3
RGB0959X.jpg,269,336,319,392,1
RGB0961X.jpg,272,336,322,391,1
RGB0962X.jpg,281,404,320,440,3
RGB0963X.jpg,274,336,328,392,1
RGB0964X.jpg,326,339,345,365,3
RGB0965X.jpg,322,330,361,385,1
RGB0968X.jpg,333,333,357,363,3
RGB0969X.jpg,304,327,365,354,1
RGB0971X.jpg,304,324,362,356,1
RGB0972X.jpg,330,330,360,352,3
RGB0973X.jpg,325,295,358,352,1
RGB0974X.jpg,328,330,359,352,3
RGB0976X.jpg,345,390,375,418,3
RGB0977X.jpg,347,389,377,412,3
RGB0978X.jpg,332,377,392,425,1
RGB0979X.jpg,352,384,373,416,3
RGB0980X.jpg,301,335,363,375,1
RGB0981X.jpg,346,384,369,416,3
RGB0983X.jpg,314,333,344,394,1
RGB0985X.jpg,234,327,274,349,9
RGB0987X.jpg,242,409,257,436,9
RGB0988X.jpg,236,404,264,432,9
RGB0989X.jpg,288,400,314,429,9
RGB0990X.jpg,289,407,319,436,9
RGB0993X.jpg,276,340,301,369,9
RGB0994X.jpg,316,339,344,360,9
RGB0995X.jpg,321,336,345,364,9
RGB0996X.jpg,325,331,350,351,9
RGB0997X.jpg,348,387,375,413,9
RGB0998X.jpg,339,377,366,402,9
RGB0999X.jpg,243,334,257,352,9
RGB1000X.jpg,244,338,264,354,9
RGB1002X.jpg,241,416,266,437,9
RGB1005X.jpg,295,410,319,429,9
RGB1006X.jpg,285,345,304,364,9
RGB1007X.jpg,290,336,303,356,9
RGB1008X.jpg,287,336,301,355,9
RGB1009X.jpg,330,339,347,357,9
RGB1010X.jpg,337,339,353,357,9
RGB1011X.jpg,327,335,343,352,9
RGB1012X.jpg,357,391,374,409,9
RGB1013X.jpg,357,395,375,409,9
RGB1014X.jpg,220,318,267,362,6
RGB1015X.jpg,228,343,266,400,6
RGB1017X.jpg,215,385,279,442,6
RGB1018X.jpg,207,392,288,442,6
RGB1019X.jpg,236,341,269,402,6
RGB1020X.jpg,211,360,265,408,6
RGB1021X.jpg,205,336,270,385,6
RGB1022X.jpg,209,317,266,374,6
RGB1023X.jpg,202,332,249,379,6
RGB1024X.jpg,264,332,311,378,6
RGB1025X.jpg,269,316,310,369,6
RGB1026X.jpg,268,324,302,370,6
RGB1027X.jpg,264,327,300,381,6
RGB1028X.jpg,272,329,309,381,6
RGB1029X.jpg,266,377,327,440,6
RGB1030X.jpg,264,388,333,434,6
RGB1033X.jpg,274,341,320,391,6
RGB1035X.jpg,319,314,365,364,6
RGB1036X.jpg,311,314,362,357,6
RGB1037X.jpg,323,311,363,364,6
RGB1041X.jpg,339,369,379,421,6
RGB1042X.jpg,311,341,362,392,6
RGB1043X.jpg,316,338,373,381,6
RGB1044X.jpg,331,327,354,346,4
RGB1045X.jpg,317,336,341,347,4
RGB1046X.jpg,334,335,346,358,4
RGB1047X.jpg,342,394,367,413,4
RGB1048X.jpg,337,397,362,418,4
RGB1050X.jpg,330,325,342,349,4
RGB1052X.jpg,317,354,340,368,4
RGB1054X.jpg,276,341,289,366,4
RGB1056X.jpg,277,331,290,354,4
RGB1057X.jpg,274,413,291,440,4
RGB1058X.jpg,279,414,312,431,4
RGB1059X.jpg,272,362,300,373,4
RGB1061X.jpg,272,356,284,384,4
RGB1063X.jpg,241,328,256,349,4
RGB1064X.jpg,241,329,256,354,4
RGB1066X.jpg,243,338,257,364,4
RGB1067X.jpg,245,338,260,362,4
RGB1068X.jpg,240,410,261,440,4
RGB1069X.jpg,229,415,265,432,4
RGB1070X.jpg,246,362,257,389,4
RGB1071X.jpg,244,364,256,390,4
RGB1072X.jpg,244,421,257,434,4
RGB1073X.jpg,229,349,242,366,4
RGB1074X.jpg,321,336,348,365,8
RGB1075X.jpg,317,326,343,347,8
RGB1076X.jpg,325,330,356,357,8
RGB1077X.jpg,342,389,371,416,8
RGB1078X.jpg,336,394,362,428,8
RGB1079X.jpg,273,343,299,371,8
RGB1081X.jpg,272,335,283,370,8
RGB1082X.jpg,272,408,305,440,8
RGB1084X.jpg,238,329,270,350,8
RGB1085X.jpg,237,327,264,355,8
RGB1086X.jpg,230,407,266,438,8
RGB1087X.jpg,234,412,272,440,8
RGB1088X.jpg,229,380,269,406,8
RGB1089X.jpg,220,325,278,356,8
RGB1091X.jpg,217,375,281,402,8
RGB1093X.jpg,213,407,287,440,8
RGB1094X.jpg,272,390,304,445,8
RGB1097X.jpg,269,333,298,388,8
RGB1098X.jpg,271,331,323,356,8
RGB1099X.jpg,317,327,364,358,8
RGB1101X.jpg,322,338,349,383,8
RGB1102X.jpg,337,378,368,425,8
RGB1103X.jpg,313,386,368,429,8
RGB1104X.jpg,316,335,344,349,5
RGB1105X.jpg,333,328,359,347,5
RGB1106X.jpg,329,320,342,349,5
RGB1108X.jpg,344,387,358,421,5
RGB1109X.jpg,281,341,294,370,5
RGB1110X.jpg,277,326,290,356,5
RGB1112X.jpg,277,406,300,438,5
RGB1113X.jpg,280,415,318,431,5
RGB1114X.jpg,234,335,269,350,5
RGB1115X.jpg,232,338,266,349,5
RGB1116X.jpg,241,404,257,438,5
RGB1117X.jpg,231,417,274,430,5
RGB1118X.jpg,232,336,267,349,5
RGB1119X.jpg,230,341,272,371,5
RGB1120X.jpg,228,325,270,352,5
RGB1121X.jpg,228,337,272,368,5
RGB1125X.jpg,275,336,313,370,5
RGB1127X.jpg,283,396,321,438,5
RGB1128X.jpg,275,392,321,429,5
RGB1129X.jpg,325,333,359,366,5
RGB1130X.jpg,313,320,352,350,5
RGB1131X.jpg,291,323,323,352,5
RGB1133X.jpg,298,343,323,378,5
RGB1136X.jpg,308,329,361,369,0
RGB1137X.jpg,310,379,368,439,0
RGB1138X.jpg,313,308,354,368,0
RGB1140X.jpg,272,306,317,355,0
RGB1141X.jpg,266,392,314,449,0
RGB1142X.jpg,266,390,340,450,0
RGB1143X.jpg,266,321,327,349,0
RGB1144X.jpg,233,308,278,352,0
RGB1145X.jpg,231,335,274,389,0
RGB1146X.jpg,216,402,293,449,0
RGB1149X.jpg,217,307,288,364,0
RGB1151X.jpg,215,368,285,439,0
RGB1152X.jpg,202,375,295,435,0
RGB1153X.jpg,215,321,294,387,0
RGB1155X.jpg,268,335,343,389,0
RGB1156X.jpg,250,375,346,453,0
RGB1158X.jpg,276,340,339,402,0
RGB1159X.jpg,292,304,349,360,0
RGB1160X.jpg,298,317,359,387,0
RGB1162X.jpg,262,353,349,424,0
